"Timestamp","Comments","Suggestions"
"2019/11/01 3:17:13 PM GMT","","PLEASE be considerate of the people you share a workspace with and SHOWER and be mindful of your BODILY FUNCTIONS.

If you feel you need to relieve yourself, DO NOT DO IT INSIDE THE ROOM. Please EXIT THE ROOM before you do. It is HIGHLY INCONSIDERATE to do so AROUND OTHER PEOPLE.

If the last time you have showered exceeds two days, please STOP, and DO NOT ENTER the room until you have SHOWERED. If anyone else can smell you, YOU MUST NOT ENTER THE ROOM until you have PRACTICED PROPER HYGIENE.

Following these rules will help EVERYONE in the workplace and beyond and make your life and the lives of everyone around you go much more smoothly."
"2019/12/02 2:29:32 PM GMT","I'm tired","Give me sleep"